timestamp,romaji,hiragana,definition,multimedia,originalMedia,author
4/20/2021 23:53:31,munu,むぬ,food,,,Sherry Schafer
4/21/2021 0:05:20,kwacchii,くゎっちー,feast,,,Sherry Schafer
4/21/2021 0:22:10,yurujinamun,ゆるじなむん,"evening snack (""yuruji"" means ""evening time"" and ""mun"" means ""food"")",,,Sherry Schafer
4/21/2021 0:22:55,sutumitimun,すとぅみてぃむん,breakfast,,,Sherry Schafer
4/21/2021 0:23:23,asaban,あさばん,lunch,,,Sherry Schafer
4/21/2021 0:24:55,yuuban,ゆーばん,dinner,,,Sherry Schafer
4/21/2021 0:37:38,mee,めー,rice / meal,,,Sherry Schafer
4/21/2021 0:39:04,ukemee,うけーめー,porridge,,,Sherry Schafer
4/21/2021 0:39:38,ukee,うけー,porridge,,,Sherry Schafer
4/21/2021 0:43:21,shishi,しし,meat,,,Sherry Schafer
4/21/2021 0:44:13,tui,とぅい,chicken,,,Sherry Schafer
4/21/2021 0:47:07,iyu,いゆ,fish,,,Sherry Schafer
4/21/2021 0:48:02,afiraa,あふぃらー,duck,,,Sherry Schafer
4/21/2021 0:49:23,hiijaa,ひーじゃー,goat,,,Sherry Schafer
4/21/2021 0:50:34,ushinushishi,うしぬしし,beef (literal translation: meat of cow),,,Sherry Schafer
4/21/2021 0:56:41,imaiyu,いまいゆ,fresh fish,,,Sherry Schafer
4/21/2021 1:02:22,fuu,ふー,"gluten (used to make ""fuu champuru"" which involves mixing it with egg, frying it, and adding vegetables and/or meat)",https://www.okinawanderer.com/2017/07/fu-champuru-dry-gluten-mix-fry-serves-4/,,Sherry Schafer
4/21/2021 1:03:49,nsu,んす,miso,,,Sherry Schafer
4/21/2021 1:04:44,maasu,まーす,salt,,,Sherry Schafer
4/21/2021 1:05:13,saataa,さーたー,sugar,,,Sherry Schafer
4/21/2021 1:07:46,kuruzaataa,くるざーたー,black sugar,"https://www.atlasobscura.com/foods/okinawa-black-sugar#:~:text=The%20idea%20of%20sugar%20as,fatigue%2C%20nausea%2C%20and%20colds.",,Sherry Schafer
4/21/2021 22:40:18,amazaki,あまざき,fermented rice drink,,,Sherry Schafer
4/21/2021 22:40:52,anda,あんだ,oil,,,Sherry Schafer
4/21/2021 22:41:42,sooga,そーがー,ginger,,,Sherry Schafer
4/21/2021 22:46:01,fifachi,ふぃふぁち,Balinese/Javanese long pepper (scientific name: piper reftrofractum),https://en.wikipedia.org/wiki/Piper_retrofractum,,Sherry Schafer
4/21/2021 22:47:22,mujinakuu,むじなくー,flour,,,Sherry Schafer
4/21/2021 22:48:39,maajin,まーじん,millet,,,Sherry Schafer
4/21/2021 22:50:12,kumi,くみ,rice (grains),,,Sherry Schafer
4/21/2021 22:51:07,maami,まーみ,beans,,,Sherry Schafer
4/21/2021 22:52:04,akamaami,あかまーみ,red beans,,,Sherry Schafer
4/21/2021 22:53:18,ufuchijaa,うふちじゃー,soy beans,,,Sherry Schafer
4/21/2021 22:54:07,injin,いんじん,green beans,,,Sherry Schafer
4/21/2021 22:55:25,jiimaami,じーまーみ,peanuts,,,Sherry Schafer
4/21/2021 22:56:58,toomaami,とーまーみ,"fava beans, broad beans",,,Sherry Schafer
4/21/2021 23:03:35,uuji,うーじ,sugarcane,,,Sherry Schafer
4/21/2021 23:04:58,kuuga,くーが,egg,,,Sherry Schafer
4/21/2021 23:14:14,kuubu,クーブ,kombu seaweed,,,Sherry Schafer
4/21/2021 23:17:18,sunui,すぬい,mozuku,https://www3.nhk.or.jp/nhkworld/en/ondemand/video/9101014/,,Sherry Schafer
4/21/2021 23:21:52,aasa,あーさ,A kind of seaweed (scientific name: Monostroma nitidum),https://www.sciencedirect.com/topics/agricultural-and-biological-sciences/monostroma,,Sherry Schafer
4/21/2021 23:23:54,kamabuku,かまぶく,fish cake,,,Sherry Schafer
4/21/2021 23:26:52,chimu don don,ちむどんどん,"Excited, nervous, heart beating quickly",,,Sherry Schafer
4/21/2021 23:29:51,chimu wasa wasa,ちむわさわさ,Feel uneasy,,,Sherry Schafer
4/21/2021 23:33:32,chimun chimu naran,ちむんちむならん,Feel anxious,,,Sherry Schafer
4/21/2021 23:35:57,chimufujun,ちむふじゅん,"Feeling refreshed, content, cheerful",,,Sherry Schafer
4/21/2021 23:38:27,Yii yanbee / Yii anbee,ゐー　やんべー / ゐー　あんべー,Feel good,,,Sherry Schafer
4/21/2021 23:39:29,ussan,うっさん,happy,,,Sherry Schafer
4/21/2021 23:40:32,kuchisan,くちさん,painful,,,Sherry Schafer
4/21/2021 23:41:17,umussan,うむっさん,"funny, interesting",,,Sherry Schafer
4/21/2021 23:42:32,uturusan,うとぅるさん,scary,,,Sherry Schafer
4/26/2021 20:55:08,shikaarasan,しかーらさん,lonely,,,Sherry Schafer
4/26/2021 20:56:38,chimushikaarasan,ちむしかーらさん,lonesome,,,Sherry Schafer
4/26/2021 21:00:01,awari,あわり,pitiful,,,Sherry Schafer
4/26/2021 21:01:34,anagachisan,あながちさん,nostalgic,,,Sherry Schafer
5/25,wan,わん,I,,,Sherry Schafer
5/25,watta,わった,we,,,Sherry Schafer
5/25,yaa,やー,you (plain),,,Sherry Schafer
5/25,yatta,やった,"you all (plural, plain)",,,Sherry Schafer
5/25,unju,うんじゅ,you (polite),,,Sherry Schafer
5/25,unjunaa,うんじゅなー,"you all (plural, polite)",,,Sherry Schafer
5/25,ari,あり,he or she,,,Sherry Schafer
5/25,attaa,あったー,they,,,Sherry Schafer
5/25,gusuyoo,ぐすよー,"everyone, when addressing a group",,,Sherry Schafer
5/25,taa,たー,who,,,Sherry Schafer
5/25,nuu,ぬー,which,,,Sherry Schafer
5/25,kunu,くぬ,this,,,Sherry Schafer
5/25,unu,うぬ,"that or this (near me) *Note: if something is in front of you, you can say ""unu"". ""Unu"" covers a much bigger range of area than the Japanese word ""sono""",,,Sherry Schafer
5/25,anu,あぬ,that over there,,,Sherry Schafer
5/25,kuri,くり,this thing,,,Sherry Schafer
5/25,uri,うり,that or this thing near me,,,Sherry Schafer
5/25,ari,あり,that thing over there,,,Sherry Schafer
5/25,kuma,くま,here,,,Sherry Schafer
5/25,nma,んま,there,,,Sherry Schafer
5/25,ama,あま,over there,,,Sherry Schafer
5/25,yii,ゐー,yes (plain),,,Sherry Schafer
5/25,uu,うー,yes (polite),,,Sherry Schafer
5/25,yiiyii,ゐーゐー,no (plain),,,Sherry Schafer
5/25,wuuwuu,をぅーをぅー,no (polite),,,Sherry Schafer
5/26,agaa,あがー,ow!,,,Sherry Schafer
5/26,ai!,あい！,oh! ,,,Sherry Schafer
5/26,agijabiyoo,あぎじゃびよー,oh my god! (like akisamiyo),,,Sherry Schafer
5/26,aieenaa,あいえーなー,oh no!,,,Sherry Schafer
5/26,ncha,んちゃ,I see. (This phrase should be followed by an explanation. It's not a stand-alone phrase.),,,Sherry Schafer
5/26,urihya,うりひゃー,Be cautious and look around.,,,Sherry Schafer
5/26,too,とー,Alright! (let's get started),,,Sherry Schafer
5/26,nji,んじ,Really?,,,Sherry Schafer
5/26,yaa,やー,See. I told you.,,,Sherry Schafer
5/26,shitaihyaa,したいひゃー,"We/he/she did it! / Bravo!
Offten heard when an Okinawan wins in a national sports competition.

""hyaa"" adds a bit of emphasis, but you wouldn't use it when speaking to a superior. In that case, you would just say ""shitai"" or ""shitaisai"".",,,Sherry Schafer
5/26,rikka / dikka,りっか / でぃっか,Let's go!,,,Sherry Schafer
5/26,yuushittai,ゆーしったい,I told you so. / Serves you right.,,,Sherry Schafer
5/26,haa iya,はーいや,Just a sound people make in chants and when doing tug-of-war.,,,Sherry Schafer
5/26,eesachi,えーさち,a greeting,,,Sherry Schafer
5/26,chaabirasai,ちゃーびらさい,"Hello, I'm entering your house/room.",,,Sherry Schafer
5/26,yii 'waachichi deebiru,ゐー ’わーちち でーびる,It’s a nice day today!,,,Sherry Schafer
5/26,mensooree,めんそーれー,Welcome!,,,Sherry Schafer
5/26,taa yamiseega?,たー やみせーが？,Who are you? (polite),,,Sherry Schafer
5/26,imisooree,いみそーれー,Come in!,,,Sherry Schafer
5/26,hajimiti yaasai,はじみてぃ やーさい,Nice to meet you. (This phrase is the first thing you say when introducing yourself to someone.),,,Sherry Schafer
26-May,yana 'waachichi deebiru,やな ’わーちち でーびる,Such bad weather!,,,Sherry Schafer
26-May,maa kara mensoochaga?,まーから めんそーちゃが,Where are you coming from?,,,Sherry Schafer
26-May,maa kai menseega,まー かい めんせーが,Where are you going? / Where are you headed? (polite),,,Sherry Schafer
26-May,guburii sabira,ぐぶりー さびら,Excuse me (literally: I'm going to be rude.),,,Sherry Schafer
26-May,guburii sabitan,ぐぶりー さびたん,Excuse me for what I did. (literally: I was rude.),,,Sherry Schafer
26-May,chaa ganjuu yamiseemi?,ちゃーがんじゅーやみせーみ,How are you? (polite),,,Sherry Schafer
26-May,miidusanu,みーどぅさぬ,Long time no see!,,,Sherry Schafer
26-May,nuu ga anshi miidusanu,ぬーが あんし みーどぅさぬ,What a long time it's been. / Long time no see.,,,Sherry Schafer
26-May,achisaibiinyaa,あちさいびーんやー,"It's hot, isn't it!",,,Sherry Schafer
26-May,fiisaibiinyaa or hiisaibiinyaa,ふぃーさいびーんやー or ひーさいびーんやー,"It's cold, isn't it!",,,Sherry Schafer
26-May,unigeesabira,うにげーさびら,please do this for me,,,Sherry Schafer
26-May,nifee deebiru,にふぇーでーびる,thank you,,,Sherry Schafer
26-May,suba kamibusaibiin,すば かみぶさいびーん,I want to eat Okinawan soba,,,Sherry Schafer
26-May,usagamisooree,うさがみそーれー,Please eat this.,,,Sherry Schafer
26-May,ippee maasan,いっぺー まーさん,It's very delicious,,,Sherry Schafer
26-May,nji chaabira,んじ ちゃーびら,I'll be back. You say this when going out and coming back later. (JP: itte kimasu),,,Sherry Schafer
26-May,nji mensooree,んじ めんそーれー,Welcome home! (JP: itte rasshai),,,Sherry Schafer
26-May,utaimisoochii,うたいみそーち,Good work. (JP: otsukaresama desu),,,Sherry Schafer
26-May,matan mensoree,またん めんそーれー,Come back again!,,,Sherry Schafer
26-May,yukwimisooree,ゆくぃみそーれー,Take a break. Rest for a little.,,,Sherry Schafer
26-May,ninjimisooree,にんじみそーれー,Good night,,,Sherry Schafer
26-May,wassaibiin,わっさいびーん,I'm sorry. (literally: I was bad.),,,Sherry Schafer
26-May,wakayabitan,わかやびたん,I understand. / Got it.,,,Sherry Schafer
26-May,wakayabiran,わかやびらん,I don't understand.,,,Sherry Schafer
26-May,unchikee unnukiyabiin,うんちけー うんぬきやびーん,I will show you. / I'll guide you.,,,Sherry Schafer
26-May,yutasarugutu unigeesabira,ゆたさるぐとぅうにげーさびら,I hope to have a good relationship with you. (You say this after meeting someone.),,,Sherry Schafer
26-May,unichikee unigeesabira,うんちけー うにげーさびら,Please show me what to do. / Please guide me.,,,Sherry Schafer
26-May,yukurachi kwimisooree,ゆくらち くぃみそーれー,Please let me rest for a bit. / Let me take a break.,,,Sherry Schafer
26-May,yuu chichi utabimisoori,ゆー ちち うたびみそーり,Listen well.,,,Sherry Schafer
26-May,chii chikimi sooree,ちー ちきみそーれー,Be careful! (Also see: chii chikiriyoo),,,Sherry Schafer
26-May,isuzumi sooree,いすずみそーれー,Hurry up!,,,Sherry Schafer
26-May,utichichimi sooree,うてぃちちみ そーれー,Please calm down,,,Sherry Schafer
26-May,shijikanishimi sooree,しじかにしみ そーれー,Please be quiet,,,Sherry Schafer
26-May,guunachi kwimisooree,ぐーなち くぃみそーれー,Let's be friends!,,,Sherry Schafer
26-May,sooti mensooree,そーてぃ めんそーれー,Please take me/him/her [to a place],,,Sherry Schafer
26-May,chaagana naibirani,ちゃーがな ないびらに,Can't something be done about it? / Isn't there some way to fix it?,,,Sherry Schafer
26-May,usagati njimisooree,うさがてぃ んじみそーれー,Please try this food!,,,Sherry Schafer
26-May,karachi kwimisooree,からち くぃみそーれー,Please let me borrow it.,,,Sherry Schafer
26-May,naraachi kwimisooree,ならーち くぃみそーれー,Please teach me. (literally: Please let me learn it.),,,Sherry Schafer
26-May,michi naraachi kwimisooree,みち ならーち くぃみそーれー,Please tell me directions. (literally: Please let me learn the roads.),,,Sherry Schafer
26-May,tuutin yutasaibiimi?,とぅーてぃん ゆたさいびーみ？,Would it be alright for me to ask a question？,,,Sherry Schafer
26-May,saarachi kwimisooree,さーらち くぃみそーれー,Please let me touch it.,,,Sherry Schafer
26-May,mishiti kwimisooree,みしてぃ くぃみそーれー,Please let me see it.,,,Sherry Schafer
26-May,akiti kwimisooree,あきてぃ くぃみそーれー,Please open it for me.,,,Sherry Schafer
26-May,yuruchi utabimiseebiri,ゆるち うたびみせーびり,Please forgive me.,,,Sherry Schafer
26-May,kuuneti turashee,くーねてぃ とぅらしぇー,Please be patient. (JP: gaman shite kudasai),,,Sherry Schafer
27-May,cchu,っちゅ,person,,,Sherry Schafer
27-May,ninjin,にんじん,human,,,Sherry Schafer
27-May,wikiga,ゐきが,man / male,,,Sherry Schafer
27-May,winagu,ゐなぐ,woman/ female,,,Sherry Schafer
27-May,ufucchu,うふっちゅ,adult,,,Sherry Schafer
27-May,warabi,わらび,child,,,Sherry Schafer
27-May,shiijyaa,しーじゃー,someone older or higher in rank than you; also applies to an older sibling (like JP: senpai),,,Sherry Schafer
27-May,uttu,うっとぅ,someone younger or lower in rank than you; also applies to a younger sibling (like JP: kouhai),,,Sherry Schafer
27-May,tusui,とぅすい,"an elderly person, a senior",,,Sherry Schafer
27-May,wakamun,わかむん,"the youth, young people",,,Sherry Schafer
27-May,dushi,どぅし,friend,,,Sherry Schafer
27-May,shinka,しんか,close friend,,,Sherry Schafer
27-May,yacchii,やっちー,older brother,,,Sherry Schafer
27-May,uya,うや,parent,,,Sherry Schafer
27-May,kwa,くゎ,child / small (diminuative),,,Sherry Schafer
27-May,choodee,ちょーでー,sibling,,,Sherry Schafer
27-May,shinshii,しんしー,teacher (JP: sensei),,,Sherry Schafer
27-May,shiitu,しーとぅ,student,,,Sherry Schafer
27-May,duu,どぅー,myself,,,Sherry Schafer
27-May,yaaninju,やーにんじゅ,family,,,Sherry Schafer
27-May,weeka,っゑーか,relatives,,,Sherry Schafer
27-May,gwansu,ぐゎんす,"originator, founder (See also: related to memorial tablets, アジカイグァンス and ヒジュルグァンス)",,,Sherry Schafer
27-May,uyafaafuji,うやふぁーふじ,ancestors,,,Sherry Schafer
27-May,faafuji,ふぁーふじ,grandparents,,,Sherry Schafer
27-May,kwanmaga,くゎんまが,descendents,,,Sherry Schafer
27-May,tanmee or usumee,たんめー ・うすめー,grandfather,,,Sherry Schafer
27-May,haamee or nmee,はーめー・んめー,grandmother,,,Sherry Schafer
27-May,suu or taarii,すー・たーりー,father,,,Sherry Schafer
27-May,anmaa or ayaa,あんまー・あやー,mother,,,Sherry Schafer
27-May,ufusuu or ufutaarii,うふすー・うふたーりー,uncle (older than father),,,Sherry Schafer
27-May,unchuu,うんちゅー,uncle (younger than father),,,Sherry Schafer
27-May,ufuanmaa or ufuayaa,うふあんまー・うふあやー,aunt (older than mother),,,Sherry Schafer
27-May,ufubaa,うふばー,aunt (younger than mother),,,Sherry Schafer
27-May,utu,うとぅ,husband,,,Sherry Schafer
27-May,tuji,とぅじ,wife,,,Sherry Schafer
27-May,winagungwa,ゐなぐんぐゎ,daughter,,,Sherry Schafer
27-May,wikigangwa,ゐきがんぐゎ,son,,,Sherry Schafer
27-May,chakushi or chacchi,ちゃくし・ちゃっち,eldest son,,,Sherry Schafer
27-May,chakushi winagungwa or chacchi winagungwa,ちゃくし ゐなぐんぐゎ・ちゃっち ゐなぐんぐゎ,eldest daughter,,,Sherry Schafer
27-May,wikiga uttu,ゐきが うっとぅ,younger brother,,,Sherry Schafer
27-May,winagu uttu,ゐなぐ うっとぅ,younger sister,,,Sherry Schafer
27-May,ichiku,いちゅく,cousin,,,Sherry Schafer
27-May,mataichuku,またいちく,second cousin,,,Sherry Schafer
27-May,yiikkwa,ゐーっくゎ,nephew,,,Sherry Schafer
27-May,miikkwa,みーっくゎ,niece,,,Sherry Schafer
27-May,nmaga,んまが,grandchild,,,Sherry Schafer
27-May,matanmaga,またんまが,great-grandchild,,,Sherry Schafer
27-May,muuku,むーく,son-in-law,,,Sherry Schafer
27-May,yumi,ゆみ,daughter-in-law,,,Sherry Schafer
27-May,miimuku,みーむく,groom,,,Sherry Schafer
27-May,miiyumi,みーゆみ,bride,,,Sherry Schafer
27-May,wikiga shitu,ゐきがしとぅ,father-in-law,,,Sherry Schafer
27-May,winagu shitu,ゐなぐしとぅ,mother-in-law,,,Sherry Schafer
27-May,wikii shitu,ゐきーしとぅ,brother-in-law,,,Sherry Schafer
27-May,wunai shitu,をぅない しとぅ,sister-in-law,,,Sherry Schafer
30-May,tiida,てぃーだ,sunlight / sunshine,,,Sherry Schafer
30-May,chichi,ちち,moon,,,Sherry Schafer
30-May,tootoomee,とーとーめー,moon (baby talk),,,Sherry Schafer
30-May,chichinuyu,ちちぬゆ,moonlit night,,,Sherry Schafer
30-May,juuguya,じゅーぐや,"night of the full moon, 15th day of the 8th month of the lunar calendar",,,Sherry Schafer
30-May,mikajichi,みかじち,crescent moon,,,Sherry Schafer
30-May,fushi,ふし,star,,,Sherry Schafer
30-May,tingaara,てぃんがーら,Milky Way / galaxy,,,Sherry Schafer
30-May,ninufabushi,にぬふぁぶし,North Star,,,Sherry Schafer
30-May,nanachibushi,ななちぶし,Big Dipper,,,Sherry Schafer
30-May,michibushi,みちぶし,Orion (constellation),,,Sherry Schafer
30-May,haimurubushi,はいむるぶし,Southern Cross (constellation),,,Sherry Schafer
30-May,yuubanbanjyaa,ゆーばんばんじゃー,"evening star, Venus",,,Sherry Schafer
30-May,yookabushi,よーかぶし,"morning star, Venus in the morning sky",,,Sherry Schafer
30-May,hoochibushi,ほーちぶし,comet,,,Sherry Schafer
30-May,fushinuyaauchi,ふしぬやーうち,shooting star,,,Sherry Schafer
30-May,akachichibushi,あかちちぶし,star at dawn,,,Sherry Schafer
30-May,agari,あがり,east,,,Sherry Schafer
30-May,iri,いり,west,,,Sherry Schafer
30-May,fee,ふぇー,south,,,Sherry Schafer
30-May,nishi,にし,north,,,Sherry Schafer
30-May,nii,にー,rat (zodiac),,,Sherry Schafer
30-May,ushi,うし,cow (zodiac),,,Sherry Schafer
30-May,tura,とぅら,tiger (zodiac),,,Sherry Schafer
30-May,uu,うー,rabbit (zodiac),,,Sherry Schafer
30-May,tachi,たち,dragon (zodiac),,,Sherry Schafer
30-May,mii,みー,snake (zodiac),,,Sherry Schafer
30-May,nma,んま,horse (zodiac),,,Sherry Schafer
30-May,fichiji,ふぃちじ,sheep (zodiac),,,Sherry Schafer
30-May,saru,さる,monkey (zodiac),,,Sherry Schafer
30-May,twi,とぅい,rooster (zodiac),,,Sherry Schafer
30-May,in,いん,dog (zodiac),,,Sherry Schafer
30-May,ii,いー,boar (zodiac),,,Sherry Schafer
30-May,waachichi,わーちち,"weather. Another word for ""weather"" is ""tinchi"", but this may be a borrowing from Japanese.",,,Sherry Schafer
30-May,hari,はり,"clear, sunny day",,,Sherry Schafer
30-May,kumui,くむい,cloudy,,,Sherry Schafer
30-May,ami,あみ,rain,,,Sherry Schafer
30-May,amigumu,あみぐむ,rain clouds,,,Sherry Schafer
30-May,amimuyuushi,あみむゆーし,"sign of rain, looks like it'll rain",,,Sherry Schafer
30-May,tiidaami,てぃーだあみ,a light shower while the sun shines,,,Sherry Schafer
30-May,katabui,かたぶい,partly sunny and partly rainy,,,Sherry Schafer
30-May,attabui,あったぶい,light rain shower,,,Sherry Schafer
30-May,nagaami,ながあみ,rainy season,,,Sherry Schafer
30-May,suumanboosuu,すーまんぼーすー,rainy season,,,Sherry Schafer
30-May,kaji,かじ,wind,,,Sherry Schafer
30-May,shidakaji,しだかじ,a cool breeze,,,Sherry Schafer
30-May,fiikaji,ふぃーかじ,"a wind chill, a cold wind",,,Sherry Schafer
31-May,kajimuchi,かじむち,whirlwind,,,Sherry Schafer
31-May,duu,どぅー,tornado,,,Sherry Schafer
31-May,kumu,くむ,cloud,,,Sherry Schafer
31-May,kannai,かんない,lightning & thunder,,,Sherry Schafer
31-May,chiri,ちり,fog,,,Sherry Schafer
31-May,kashimi,かしみ,haze,,,Sherry Schafer
31-May,shimu,しむ,frost,,,Sherry Schafer
31-May,chiyu,ちゆ,dew,,,Sherry Schafer
31-May,arari,あらり,hail,,,Sherry Schafer
31-May,yuchi,ゆち,snow,,,Sherry Schafer
31-May,nuuji,ぬーじ,rainbow,,,Sherry Schafer
31-May,turi,とぅり,"calm (as in calm seas, calm atmosphere)",,,Sherry Schafer
31-May,asaduri,あさどぅり,"morning stillness, morning calm",,,Sherry Schafer
31-May,yuuduri,ゆーどぅり,"night calmness, the quiet of the night",,,Sherry Schafer
31-May,arashi,あらし,storm,,,Sherry Schafer
31-May,kajifuchi,かじふち,"windstorm, gale",,,Sherry Schafer
31-May,teefuu,てーふー,typhoon,,,Sherry Schafer
31-May,nami,なみ,wave,,,Sherry Schafer
31-May,shigaranami,しがらなみ,tsunami,,,Sherry Schafer
31-May,hyaai,ひゃーい,drought,,,Sherry Schafer
31-May,uumiji,うーみじ,flood,,,Sherry Schafer
31-May,nee,ねー,earthquake,,,Sherry Schafer
31-May,fudii,ふでぃー,lightning,,,Sherry Schafer
31-May,shichi,しち,season,,,Sherry Schafer
31-May,haru,はる,spring,,,Sherry Schafer
31-May,nachi,なち,summer,,,Sherry Schafer
31-May,achi,あち,fall/ autumn,,,Sherry Schafer
31-May,fuyu,ふゆ,winter,,,Sherry Schafer
31-May,kuchikaji,くちかじ,east wind (blows westward),,,Sherry Schafer
31-May,irikaji,いりかじ,west wind (blows eastward),,,Sherry Schafer
31-May,feekaji,ふぇーかじ,south wind (blows northward),,,Sherry Schafer
31-May,nishikaji,にしかじ,north wind (blows southward),,,Sherry Schafer
31-May,achisan,あちさん,hot (weather),,,Sherry Schafer
31-May,fiisan,ふぃーさん,cold (weather),,,Sherry Schafer
31-May,shiputaiachisan,しぷたいあちさん,humid,,,Sherry Schafer
31-May,shidasan,しださん,cool (weather),,,Sherry Schafer
31-May,wakaribiisa,わかりびーさ,"long, lingering winter",,,Sherry Schafer
31-May,agi,あぎ,land,,,Sherry Schafer
31-May,umi,うみ,"sea, ocean",,,Sherry Schafer
31-May,mui,むい,mountain or hill,,,Sherry Schafer
31-May,chishi,ちし,"coast, shore",,,Sherry Schafer
31-May,kaniku,かにく,"beach, seashore",,,Sherry Schafer
31-May,chiguchi,ちぐち,"bay, inlet",,,Sherry Schafer
31-May,umibata,うみばた,"seaside, bank, shore",,,Sherry Schafer
31-May,hishi,ひし,coral reef or rocks that appear at low tide,,,Sherry Schafer
31-May,sangu,さんぐ,"coral (see also: uuru; Note: ""sangu"" may have be borrowed from Japanese))",,,
31-May,uuru,うーる,"coral (Note: The city of ""Uruma"" literally means ""island of coral"".)",http://sango.shinkai-fish.com/riyou/entry152.html,,Sherry Schafer
31-May,chiburaa,ちぶらー,dome-shaped coral,http://sango.shinkai-fish.com/riyou/entry152.html,,Sherry Schafer
31-May,hanauuru,はなうーる,coral with tree-like branches,http://sango.shinkai-fish.com/riyou/entry152.html,,Sherry Schafer
31-May,hirakuu,ひらくー,"flat, table-shaped coral",http://sango.shinkai-fish.com/riyou/entry152.html,,Sherry Schafer
31-May,kubushimiyaa,くぶしみやー,coral that kubushimi fish tend to lay eggs in,https://okinawahogen.ti-da.net/e1545890.html,,Sherry Schafer
31-May,hachaauuru,はちゃーうーる,coral that feels like it burns you when touched,https://okinawahogen.ti-da.net/e1545890.html,,Sherry Schafer
31-May,inoo,いのー,reef pond; the calm shallow part of the sea surrounded by coral,http://sango.shinkai-fish.com/riyou/entry152.html,,Sherry Schafer
31-May,itabishi,いたびし,beachrock,,,Sherry Schafer
31-May,katabaru,かたばる,tidal flat,,,Sherry Schafer
31-May,niigajiraa,にーがじらー,mushroom rock,,,Sherry Schafer
31-May,uchi,うち,"open sea (Note: this is the kanji 沖 in ""Uchinaa"")",,,Sherry Schafer
31-May,yamanuchiji,やまぬちじ,mountain peak,,,Sherry Schafer
31-May,yama,やま,mountain,,,Sherry Schafer
31-May,saku,さく,valley,,,Sherry Schafer
31-May,kaara,かーら,river,,,Sherry Schafer
31-May,kaarabanta,かーらばんた,riverbank,,,Sherry Schafer
31-May,tachi,たち,waterfall,,,Sherry Schafer
31-May,gama,がま,cave,,,Sherry Schafer
31-May,kumui,くむい,lake or swamp,,,Sherry Schafer
1-June,yashee,やしぇー,vegetables,,,Sherry Schafer
1-June,oofa,おーふぁー,"green leaves, foliage",,,Sherry Schafer
1-June,chinkwaa,ちんくゎー,kabocha (a type of pumpkin),,,Sherry Schafer
1-June,shibui,しぶい,winter melon (a white gourd),,,Sherry Schafer
1-June,gooyaa,ごーやー,"goya, bittermelon",,,Sherry Schafer
1-June,naabeeraa,なーべーらー,"loofah, luffa",,,Sherry Schafer
1-June,kiiui,きーうい,cucumber,,,Sherry Schafer
1-June,mooui,もーうい,"white pickling melon, white cucumber",,,Sherry Schafer
1-June,manjuuui,まんじゅーうい,papaya,,,Sherry Schafer
1-June,naashibi,なーしび,"eggplant, aubergine",,,Sherry Schafer
1-June,chiburu,ちぶる,white-flowered gourd; bottle gourd; Lagenaria siceraria,,,Sherry Schafer
1-June,chideekuni,ちでーくに,carrots,,,Sherry Schafer
1-June,deekuni,でーくに,daikon,,,Sherry Schafer
1-June,gunboo,ぐんぼー,gobo; burdock root,,,Sherry Schafer
1-June,tamanaa,たまなー,cabbage,,,Sherry Schafer
1-June,bira,びら,green onions,,,Sherry Schafer
1-June,chiribira,ちりびら,Asian chives,,,Sherry Schafer
1-June,racchou,らっちょー,a Japanese leek (rakkyou),,,Sherry Schafer
1-June,firu,ふぃる,garlic,,,Sherry Schafer
1-June,chisana,ちさな,lettuce,,,Sherry Schafer
1-June,unchee,うんちぇー,"water spinach, Ipomoea aquatica",,,Sherry Schafer
1-June,kandabaa,かんだばー,sweet potato leaves,,,Sherry Schafer
1-June,nsunabaa,んすなばー,swiss chard,,,Sherry Schafer
1-June,handamaa,はんだまー,Okinawan spinach,,,Sherry Schafer
1-June,fuuchibaa,ふーちばー,"yomogi, mugwort",,,Sherry Schafer
1-June,wiichoo,ゐーちょー,fennel,,,Sherry Schafer
1-June,choomiigusa,ちょーみーぐさ,"coastal hog fennel, Peucedanum Japonicium (also called: sakuna)",,,Sherry Schafer
1-June,sakuna,さくな,"coastal hog fennel, Peucedanum Japonicium (also called: choomiigusa)",,,Sherry Schafer
1-June,maaminaa,まーみなー,bean sprouts,,,Sherry Schafer
1-June,nmu,んむ,sweet potato,,,Sherry Schafer
1-June,taanmu,たーんむ,taro that is grown in rice paddies (see also: chinnuku),,,Sherry Schafer
1-June,muji,むじ,taro stem,,,Sherry Schafer
1-June,yamanmu,やまんむ,yam,,,Sherry Schafer
1-June,chinnuku,ちんぬく,taro (see also: taanmu),,,Sherry Schafer
1-June,naaba,なーば,mushroom,,,Sherry Schafer
1-June,mimigui,みみぐい,"""wood-ear"" or ""wood mushroom""",,,Sherry Schafer
1-June,kooregusu,こーれーぐす,chili,,,Sherry Schafer
1-June,urandanaashibi,うらんだなーしび,tomato (lit. Holland (western) eggplant) ; also called: tamatoo,,,Sherry Schafer
1-June,tamatoo,たまとー,tomato (see also: urandanaachibi),,,Sherry Schafer
1-June,mooaasaa,もーあーさー,"nostoc (a kind of cyanobaterium); also known as ""star jelly""",,,Sherry Schafer
1-June,hamatamanaa,はまたまなー,cauliflower,,,Sherry Schafer
27-June,akachichi,あかちち,dawn,,,Sherry Schafer
27-June,agaitiida,あがいてぃーだ,the morning sun,,,Sherry Schafer
27-June,asannaara,あさんなーら,in the early morning,,,Sherry Schafer
27-June,shitimiti,してぃみてぃ,morning,,,Sherry Schafer
27-June,firu,ふぃる,afternoon,,,Sherry Schafer
27-June,akarafiru,あからふぃる,"daytime (see also ""firujuu"")",,,Sherry Schafer
27-June,mafukkwa,まふっくゎ,under the blazing sun,,,Sherry Schafer
27-June,firujuu,ふぃるじゅー,"daytime (see also ""akarafiru"")",,,Sherry Schafer
27-June,yusandi,ゆさんでぃ,evening,,,Sherry Schafer
27-June,yumangwi,ゆまんぐぃ,late evening,,,Sherry Schafer
27-June,akookuroo,あこくろー,dusk,,,Sherry Schafer
27-June,yusandiakagai,ゆさんでぃあかがい,"sunset (see also ""sagaitiida"")",,,Sherry Schafer
27-June,sagaitiida,さがいてぃーだ,"sunset (see also ""yusandiakagai"")",,,Sherry Schafer
27-June,yukunee,ゆくねー,evening or early night,,,Sherry Schafer
27-June,yukuneegurashin,ゆくねーぐらしん,evening darkness,,,Sherry Schafer
27-June,yuru,ゆる,evening,,,Sherry Schafer
27-June,sarayunaka,さらゆなか,midnight,,,Sherry Schafer
27-June,chuuyuru,ちゅーゆる,tonight,,,Sherry Schafer
27-June,meeyuru,めーゆる,every night,,,Sherry Schafer
27-June,chinuu,ちぬー,yesterday,,,Sherry Schafer
27-June,chuu,ちゅー,today,,,Sherry Schafer
27-June,achaa,あちゃー,tomorrow,,,Sherry Schafer
27-June,naacha,なーちゃ,the next day,,,Sherry Schafer
27-June,uttii,うてぃー,the day before yesterday,,,Sherry Schafer
27-June,asati,あさてぃ,two days from now,,,Sherry Schafer
27-June,asatinunaacha,あさてぃなーち,three days from now,,,Sherry Schafer
27-June,achaasa,あちゃーさ,tomorrow morning,,,Sherry Schafer
27-June,meenachi,めーなち,every day,,,Sherry Schafer
27-June,kutushi,くとぅし,this year,,,Sherry Schafer
27-June,kuju,くじゅ,last year,,,Sherry Schafer
27-June,nchu,んちゅ,two years ago,,,Sherry Schafer
27-June,yaan,やーん,next year,,,Sherry Schafer
27-June,kundu,くんどぅ,next time,,,Sherry Schafer
27-June,nama,なま,now,,,Sherry Schafer
27-June,namasachi,なまさち,just now,,,Sherry Schafer
27-June,atu,あとぅ,later,,,Sherry Schafer
27-June,sachi,さち,ahead,,,Sherry Schafer
27-June,nkashi,んかし,a long time ago,,,Sherry Schafer
27-June,hijai,ひじゃい,left,,,Sherry Schafer
27-June,nijiri,にじり,right,,,Sherry Schafer
27-June,wii,うぃー,"up, above",,,Sherry Schafer
27-June,shicha,しちゃ,"below, under",,,Sherry Schafer
27-June,tati,たてぃ,vertical,,,Sherry Schafer
27-June,yuku,ゆく,side,,,Sherry Schafer
27-June,umuti,うむてぃ,"surface, the outside",,,Sherry Schafer
27-June,ura,うら,back,,,Sherry Schafer
27-June,tankaa,たんかー,front,,,Sherry Schafer
27-June,hata,はた,"side (also ""suba"")",,,Sherry Schafer
27-June,mee,めー,before,,,Sherry Schafer
27-June,naaka,なーか,middle,,,Sherry Schafer
27-June,kushi,くし,behind,,,Sherry Schafer
27-June,magai,まがい,around,,,Sherry Schafer
27-June,nanbeei,なんべーい,diagonal,,,Sherry Schafer
27-June,kadu,かどぅ,corner,,,Sherry Schafer
